{
  "width": 1663,
  "height": 1236,
  "cx": [
    [ "HERO_CLASS", 655 ],
    [ "BELONGS TO2", 655 ],
    [ "REVIEW", 149 ],
    [ "BELONGS TO1", 273 ],
    [ "USER", 411 ],
    [ "HAS1", 521 ],
    [ "HERO", 655 ],
    [ "HERO_ITEM", 841 ],
    [ "ITEM", 957 ],
    [ "HERO_EVENT", 521 ],
    [ "NPC_ITEM", 957 ],
    [ "BIOME", 273 ],
    [ "HAS3", 411 ],
    [ "EVENT", 521 ],
    [ "EVENT_NPC", 655 ],
    [ "NPC", 957 ],
    [ "BELONGS TO8", 1077 ],
    [ "RACE", 1207 ],
    [ "BELONGS TO4", 273 ],
    [ "EVENT_TYPE", 411 ],
    [ "HAS7", 521 ],
    [ "ENDING", 655 ],
    [ "HAS5", 765 ],
    [ "HAS4", 957 ],
    [ "DIALOGUE", 1077 ],
    [ "HAS ANSWER", 1207 ],
    [ "ANSWER", 1337 ],
    [ "ANSWER_EFFECT", 1479 ],
    [ "EFFECT", 1613 ]
  ],
  "cy": [
    [ "HERO_CLASS", 94 ],
    [ "BELONGS TO2", 229 ],
    [ "REVIEW", 415 ],
    [ "BELONGS TO1", 415 ],
    [ "USER", 415 ],
    [ "HAS1", 415 ],
    [ "HERO", 415 ],
    [ "HERO_ITEM", 415 ],
    [ "ITEM", 415 ],
    [ "HERO_EVENT", 610 ],
    [ "NPC_ITEM", 610 ],
    [ "BIOME", 846 ],
    [ "HAS3", 846 ],
    [ "EVENT", 846 ],
    [ "EVENT_NPC", 846 ],
    [ "NPC", 846 ],
    [ "BELONGS TO8", 846 ],
    [ "RACE", 846 ],
    [ "BELONGS TO4", 1125 ],
    [ "EVENT_TYPE", 1125 ],
    [ "HAS7", 1125 ],
    [ "ENDING", 1125 ],
    [ "HAS5", 1125 ],
    [ "HAS4", 1125 ],
    [ "DIALOGUE", 1125 ],
    [ "HAS ANSWER", 1125 ],
    [ "ANSWER", 1125 ],
    [ "ANSWER_EFFECT", 1125 ],
    [ "EFFECT", 1125 ]
  ],
  "shift": [
    [ "BELONGS TO2,HERO,0", 0 ],
    [ "BELONGS TO2,HERO_CLASS,0", 0 ],
    [ "BELONGS TO1,USER,0", 0 ],
    [ "BELONGS TO1,REVIEW,0", 0 ],
    [ "HAS1,USER,0", 0 ],
    [ "HAS1,HERO,0", 0 ],
    [ "HERO_ITEM,HERO,0", 0 ],
    [ "HERO_ITEM,ITEM,0", 0 ],
    [ "HERO_EVENT,HERO,0", 0 ],
    [ "HERO_EVENT,EVENT,0", 0 ],
    [ "NPC_ITEM,ITEM,0", 0 ],
    [ "NPC_ITEM,NPC,0", 0 ],
    [ "HAS3,BIOME,0", 0 ],
    [ "HAS3,EVENT,0", 0 ],
    [ "EVENT_NPC,NPC,0", 0 ],
    [ "EVENT_NPC,EVENT,0", 0 ],
    [ "BELONGS TO8,RACE,0", 0 ],
    [ "BELONGS TO8,NPC,0", 0 ],
    [ "BELONGS TO4,EVENT,0", 0 ],
    [ "BELONGS TO4,EVENT_TYPE,0", 0 ],
    [ "HAS7,ENDING,0", 0 ],
    [ "HAS7,EVENT_TYPE,0", 0 ],
    [ "HAS5,EVENT,0", 0 ],
    [ "HAS5,ENDING,0", 0 ],
    [ "HAS4,NPC,0", 0 ],
    [ "HAS4,DIALOGUE,0", 0 ],
    [ "HAS ANSWER,DIALOGUE,0", 0 ],
    [ "HAS ANSWER,ANSWER,0", 0 ],
    [ "ANSWER_EFFECT,EFFECT,0", 0 ],
    [ "ANSWER_EFFECT,ANSWER,0", 0 ]
  ],
  "ratio": []
}